scenario,bm25_weight,dense_weight,queries,relevance_mode,precision@10,recall@10,mrr@10,ndcg@10
keyword_only,1.0,0.0,2097,top-level,0.465331425846448,0.024928904397832883,0.7387458273724359,0.5017271347207454
vector_only,0.0,1.0,2097,top-level,0.8766809728183154,0.05156709155666634,0.9682938967989041,0.8913448975409946
hybrid_50_50,0.5,0.5,2097,top-level,0.8578922269909447,0.05023132403666171,0.9678533581609403,0.8791995135324252
hybrid_70_30,0.7,0.3,2097,top-level,0.8578922269909447,0.05023132403666171,0.9678533581609403,0.8791995135324252
